{
    "evaluation_complete": {
        "sample_generation_pred.jsonl": {
            "ROUGE": [
                {
                    "rouge-2": {
                        "f": 0.7327070382345199,
                        "p": 0.7553118939883646,
                        "r": 0.7127307715899062
                    },
                    "rouge-1": {
                        "f": 0.8557483310257651,
                        "p": 0.8802598638433663,
                        "r": 0.8339819873544405
                    },
                    "rouge-l": {
                        "f": 0.7677128595677981,
                        "p": 0.7908485284279742,
                        "r": 0.7471444010426592
                    }
                }
            ],
            "BLEU": [
                3.250373184486248e-232
            ]
        }
    },
    "evalutation_fail": {}
}